bodyparts,0
thumbStart,0.9313644050149561
thumbEnd,0.6667475221501747
indexStart,1.2954638730577503
indexEnd,0.9513279968721833
middleStart,1.460260178781502
middleEnd,0.908542543528843
ringStart,0.9537102023936299
ringEnd,3.9317929612600566
littleStart,1.2412559549192819
littleEnd,1.0832963500308348
distnorm,164.04097943310057
